Titulo,Moneda,Precio,Calificacion /5,Fecha de entrega
ZOTAC Gaming GeForce RTX 3060...,US$,419.99,4.6,"Viernes, 10 de Marzo"
ZOTAC Gaming GeForce RTX 3050...,US$,299.99,4.6,"Viernes, 10 de Marzo"
ZOTAC Gaming GeForce GTX 1660...,US$,229.99,4.6,10 - 28 de Marzo
MSI Gaming GeForce RTX 4080...,US$,"1,294.99",4.6,"Viernes, 10 de Marzo"
MSI Gaming GeForce RTX 3060...,US$,389.99,4.7,"Viernes, 10 de Marzo"
XFX Speedster SWFT 210 Radeon...,US$,249.99,4.6,10 - 21 de Marzo
ZOTAC Gaming GeForce GTX 1660...,US$,204.49,4.7,"Viernes, 10 de Marzo"
ASUS Tarjeta gráfica dual NVIDIA...,US$,329.99,4.5,"Viernes, 10 de Marzo"
ZOTAC Gaming GeForce RTX 3060...,US$,358.59,4.6,14 - 31 de Marzo
ZOTAC Gaming GeForce RTX 4070...,US$,879.99,3.6,10 - 14 de Marzo
MSI Gaming GeForce RTX 3080...,US$,"1,029.99",4.7,"Viernes, 10 de Marzo"
GAOMON PD156 PRO - Tableta...,US$,299.00,4.4,"Viernes, 10 de Marzo"
MSI Gaming GeForce RTX 4070...,US$,879.99,3.9,"Viernes, 10 de Marzo"
Gigabyte Tarjeta gráfica AORUS GeForce...,US$,999.99,4.1,"Viernes, 10 de Marzo"
ASUS TUF Gaming GeForce RTX®...,US$,"1,333.00",3.9,"Viernes, 10 de Marzo"
ZOTAC Gaming GeForce RTX 4080...,US$,"1,219.99",3.8,"Jueves, 23 de Febrero"
UGEE M708 Tableta gráfica de...,US$,59.99,4.3,"Viernes, 10 de Marzo"
ASUS TUF Gaming NVIDIA GeForce...,US$,489.99,4.7,"Viernes, 10 de Marzo"
GAOMON M106K PRO Tablet de...,US$,49.99,4.5,"Viernes, 10 de Marzo"
UGEE Tabletas de dibujo de...,US$,156.79,4.2,"Viernes, 10 de Marzo"
HUION Kamvas - Tableta de...,US$,169.00,4.2,10 - 20 de Marzo
